Workbook

Sheet Instructions
A1: Perform the following in the dataset from the 'Dataset' sheet.
B3: 1) Sum, Count, Average:
C4: • What is the total price of all products in the dataset?
C5: • How many products are there in the dataset?
C6: • Calculate the average price of the products.
B8: 2) Min and Max:
C9: • Determine the minimum price among all products.
C10: • Find the maximum price among all products.
B12: 3) IF Function:
C13: • Using an IF function, create a new column named Price Range to categorize products with a price greater than or equal to $500 as 'High Price' and others as 'Standard Price'.
B15: 4) SUMIF and COUNTIF:
C16: • Calculate the total price for products in the 'Electronics' category using the SUMIF function.
C17: • Determine the count of products with a price less than $100 using the COUNTIF function.
B19: 5) Text Formatting - LEFT, RIGHT, MID:
C20: • Create a new column named Day with the first 2 characters of each 'Product ID' using the LEFT function.
C21: • Create a new column named Country Code by extracting the last 2 characters from the 'Product ID' column using the RIGHT function.
C22: • Create a new column named Month by extracting 4th to 6th characters from the 'Product ID' column using the MID function.

Sheet Dataset
A1: Product ID | B1: Product Name | C1: Brand Name | D1: Price ($) | E1: Quantity | F1: Category
A2: 28-JAN-US | B2: Laptop | C2: Dell | D2: 1000 | E2: 30 | F2: Electronics
A3: 15-FEB-US | B3: Sneakers | C3: Nike | D3: 80 | E3: 15 | F3: Fashion
A4: 03-MAR-US | B4: Coffee Maker | C4: Keurig | D4: 130 | E4: 40 | F4: Kitchen
A5: 11-APR-US | B5: Smartphone | C5: Samsung | D5: 900 | E5: 25 | F5: Electronics
A6: 22-MAY-US | B6: Backpack | C6: North Face | D6: 70 | E6: 20 | F6: Outdoor
A7: 07-JUN-UK | B7: Headphones | C7: Sony | D7: 200 | E7: 45 | F7: Electronics
A8: 19-JUL-UK | B8: T-shirt | C8: Adidas | D8: 30 | E8: 5 | F8: Fashion
A9: 23-AUG-UK | B9: Blender | C9: Ninja | D9: 90 | E9: 35 | F9: Kitchen
A10: 05-SEP-UK | B10: Tablet | C10: Apple | D10: 500 | E10: 50 | F10: Electronics
A11: 14-OCT-UK | B11: Hiking Boots | C11: Timberland | D11: 130 | E11: 10 | F11: Outdoor
A12: 17-JUN-IN | B12: Laptop | C12: HP | D12: 950 | E12: 25 | F12: Electronics
A13: 25-NOV-AU | B13: Sneakers | C13: Adidas | D13: 90 | E13: 40 | F13: Fashion
... A35: 09-JUL-FR | B35: Watch | C35: Casio | D35: 100 | E35: 20 | F35: Accessories

Sheet Solutions
A1: Product ID | B1: Product Name | C1: Brand Name | D1: Price ($) | E1: Price Range | F1: Quantity | G1: Category | H1: Day | I1: Country Code | J1: Month
A2: 28-JAN-US | B2: Laptop | C2: Dell | D2: 1000 | E2: =IF(Solutions!D2>=500,"High price","Standard price") -> High price | F2: 30 | G2: Electronics | H2: =LEFT(A2,2) -> 28 | I2: =RIGHT(A2,2) -> US | J2: =MID(A2,4,3) -> JAN | L2: NO | M2: QUESTION | N2: ANSWERS
A3: 15-FEB-US | B3: Sneakers | C3: Nike | D3: 80 | E3: =IF(Solutions!D3>=500,"High price","Standard price") -> Standard price | F3: 15 | G3: Fashion | H3: =LEFT(A3,2) -> 15 | I3: =RIGHT(A3,2) -> US | J3: =MID(A3,4,3) -> FEB | L3: 1 | M3: SUM | N3: =SUM(D2:D35) -> 10100
A4: 03-MAR-US | B4: Coffee Maker | C4: Keurig | D4: 130 | E4: =IF(Solutions!D4>=500,"High price","Standard price") -> Standard price | F4: 40 | G4: Kitchen | H4: =LEFT(A4,2) -> 03 | I4: =RIGHT(A4,2) -> US | J4: =MID(A4,4,3) -> MAR | M4: COUNT | N4: =COUNTA(B2:B35) -> 34
A5: 11-APR-US | B5: Smartphone | C5: Samsung | D5: 900 | E5: =IF(Solutions!D5>=500,"High price","Standard price") -> High price | F5: 25 | G5: Electronics | H5: =LEFT(A5,2) -> 11 | I5: =RIGHT(A5,2) -> US | J5: =MID(A5,4,3) -> APR | M5: AVERAGE | N5: =AVERAGE(D2:D35) -> 297.05882
A6: 22-MAY-US | B6: Backpack | C6: North Face | D6: 70 | E6: =IF(Solutions!D6>=500,"High price","Standard price") -> Standard price | F6: 20 | G6: Outdoor | H6: =LEFT(A6,2) -> 22 | I6: =RIGHT(A6,2) -> US | J6: =MID(A6,4,3) -> MAY
A7: 07-JUN-UK | B7: Headphones | C7: Sony | D7: 200 | E7: =IF(Solutions!D7>=500,"High price","Standard price") -> Standard price | F7: 45 | G7: Electronics | H7: =LEFT(A7,2) -> 07 | I7: =RIGHT(A7,2) -> UK | J7: =MID(A7,4,3) -> JUN | L7: 2 | M7: MIN | N7: =MIN(D2:D35) -> 30
A8: 19-JUL-UK | B8: T-shirt | C8: Adidas | D8: 30 | E8: =IF(Solutions!D8>=500,"High price","Standard price") -> Standard price | F8: 5 | G8: Fashion | H8: =LEFT(A8,2) -> 19 | I8: =RIGHT(A8,2) -> UK | J8: =MID(A8,4,3) -> JUL | M8: MAX | N8: =MAX(D2:D35) -> 1000
A9: 23-AUG-UK | B9: Blender | C9: Ninja | D9: 90 | E9: =IF(Solutions!D9>=500,"High price","Standard price") -> Standard price | F9: 35 | G9: Kitchen | H9: =LEFT(A9,2) -> 23 | I9: =RIGHT(A9,2) -> UK | J9: =MID(A9,4,3) -> AUG
A10: 05-SEP-UK | B10: Tablet | C10: Apple | D10: 500 | E10: =IF(Solutions!D10>=500,"High price","Standard price") -> High price | F10: 50 | G10: Electronics | H10: =LEFT(A10,2) -> 05 | I10: =RIGHT(A10,2) -> UK | J10: =MID(A10,4,3) -> SEP | L10: 4 | M10: SUMIF | N10: =+SUMIF(Solutions!G2:G35,"Electronics",Solutions!D2:D35) -> 8050
A11: 14-OCT-UK | B11: Hiking Boots | C11: Timberland | D11: 130 | E11: =IF(Solutions!D11>=500,"High price","Standard price") -> Standard price | F11: 10 | G11: Outdoor | H11: =LEFT(A11,2) -> 14 | I11: =RIGHT(A11,2) -> UK | J11: =MID(A11,4,3) -> OCT | M11: COUNTIF | N11: =COUNTIF(D2:D35,"<100") -> 11
A12: 17-JUN-IN | B12: Laptop | C12: HP | D12: 950 | E12: =IF(Solutions!D12>=500,"High price","Standard price") -> High price | F12: 25 | G12: Electronics | H12: =LEFT(A12,2) -> 17 | I12: =RIGHT(A12,2) -> IN | J12: =MID(A12,4,3) -> JUN
A13: 25-NOV-AU | B13: Sneakers | C13: Adidas | D13: 90 | E13: =IF(Solutions!D13>=500,"High price","Standard price") -> Standard price | F13: 40 | G13: Fashion | H13: =LEFT(A13,2) -> 25 | I13: =RIGHT(A13,2) -> AU | J13: =MID(A13,4,3) -> NOV
A14: 08-DEC-DE | B14: Coffee Maker | C14: Nespresso | D14: 120 | E14: =IF(Solutions!D14>=500,"High price","Standard price") -> Standard price | F14: 35 | G14: Kitchen | H14: =LEFT(A14,2) -> 08 | I14: =RIGHT(A14,2) -> DE | J14: =MID(A14,4,3) -> DEC
A15: 18-FEB-CA | B15: Smartwatch | C15: Fitbit | D15: 150 | E15: =IF(Solutions!D15>=500,"High price","Standard price") -> Standard price | F15: 15 | G15: Electronics | H15: =LEFT(A15,2) -> 18 | I15: =RIGHT(A15,2) -> CA | J15: =MID(A15,4,3) -> FEB
A16: 16-APR-ES | B16: Headphones | C16: Bose | D16: 250 | E16: =IF(Solutions!D16>=500,"High price","Standard price") -> Standard price | F16: 20 | G16: Electronics | H16: =LEFT(A16,2) -> 16 | I16: =RIGHT(A16,2) -> ES | J16: =MID(A16,4,3) -> APR
A17: 21-AUG-CA | B17: Laptop Bag | C17: Samsonite | D17: 50 | E17: =IF(Solutions!D17>=500,"High price","Standard price") -> Standard price | F17: 35 | G17: Accessories | H17: =LEFT(A17,2) -> 21 | I17: =RIGHT(A17,2) -> CA | J17: =MID(A17,4,3) -> AUG
A18: 20-AUG-CN | B18: Smartwatch | C18: Huawei | D18: 160 | E18: =IF(Solutions!D18>=500,"High price","Standard price") -> Standard price | F18: 15 | G18: Electronics | H18: =LEFT(A18,2) -> 20 | I18: =RIGHT(A18,2) -> CN | J18: =MID(A18,4,3) -> AUG
A19: 27-JAN-IT | B19: Laptop | C19: Asus | D19: 980 | E19: =IF(Solutions!D19>=500,"High price","Standard price") -> High price | F19: 10 | G19: Electronics | H19: =LEFT(A19,2) -> 27 | I19: =RIGHT(A19,2) -> IT | J19: =MID(A19,4,3) -> JAN
A20: 01-MAR-UK | B20: Sunglasses | C20: Oakley | D20: 150 | E20: =IF(Solutions!D20>=500,"High price","Standard price") -> Standard price | F20: 15 | G20: Fashion | H20: =LEFT(A20,2) -> 01 | I20: =RIGHT(A20,2) -> UK | J20: =MID(A20,4,3) -> MAR
A21: 14-AUG-US | B21: Camping Tent | C21: Coleman | D21: 200 | E21: =IF(Solutions!D21>=500,"High price","Standard price") -> Standard price | F21: 10 | G21: Outdoor | H21: =LEFT(A21,2) -> 14 | I21: =RIGHT(A21,2) -> US | J21: =MID(A21,4,3) -> AUG
A22: 14-MAY-RU | B22: Camera | C22: Nikon | D22: 700 | E22: =IF(Solutions!D22>=500,"High price","Standard price") -> High price | F22: 50 | G22: Electronics | H22: =LEFT(A22,2) -> 14 | I22: =RIGHT(A22,2) -> RU | J22: =MID(A22,4,3) -> MAY
A23: 09-JAN-CA | B23: Microwave | C23: Panasonic | D23: 80 | E23: =IF(Solutions!D23>=500,"High price","Standard price") -> Standard price | F23: 20 | G23: Kitchen | H23: =LEFT(A23,2) -> 09 | I23: =RIGHT(A23,2) -> CA | J23: =MID(A23,4,3) -> JAN
... A35: 09-JUL-FR | B35: Watch | C35: Casio | D35: 100 | E35: =IF(Solutions!D35>=500,"High price","Standard price") -> Standard price | F35: 20 | G35: Accessories | H35: =LEFT(A35,2) -> 09 | I35: =RIGHT(A35,2) -> FR | J35: =MID(A35,4,3) -> JUL
